{
  "exams": {
    "UPSC": {
      "2023": "https://www.upsc.gov.in/sites/default/files/QP-CSP-23-SetA-Eng.pdf",
      "2022": "https://www.upsc.gov.in/sites/default/files/QP-CSP-22-SetA-Eng.pdf"
    },
    "SSC CGL": {
      "2023": "https://ssc.nic.in/SSCFileServer/PortalManagement/UploadedFiles/qp_cgl_tier1_2023.pdf",
      "2022": "https://ssc.nic.in/SSCFileServer/PortalManagement/UploadedFiles/qp_cgl_tier1_2022.pdf"
    },
    "IBPS PO": {
      "2023": "https://www.ibps.in/wp-content/uploads/2023/09/IBPS_PO_Prelims_2023_Question_Paper.pdf"
    },
    "UGC NET Commerce": {
      "Adda247": "https://www.adda247.com/teaching-jobs-exam/ugc-net-commerce-previous-year-papers/",
      "Testbook": "https://testbook.com/ugc-net/commerce-previous-year-papers",
      "Oliveboard": "https://www.oliveboard.in/blog/ugc-net-commerce-previous-year-question-paper/"
    },
    "CUET Commerce": {
      "2025-2022": "https://www.shiksha.com/science/articles/cuet-commerce-previous-year-question-paper-blogId-183892"
    },
    "UPSC Commerce & Accountancy (Optional)": {
      "JagranJosh": "https://www.jagranjosh.com/articles/upsc-commerce-and-accountancy-question-paper-pdf-download-1698132432-1",
      "Testbook": "https://testbook.com/ias-preparation/upsc-commerce-and-accountancy-previous-year-question-papers"
    },
    "CBSE Class 12 Commerce": {
      "Past Papers": "https://www.pw.live/commerce/exams/commerce-class-12-previous-year-question-papers"
    }
  },
  "notes": {
    "Python": "https://cs231n.github.io/python-numpy-tutorial/",
    "Java": "https://www.javatpoint.com/java-tutorial",
    "C++": "https://www.geeksforgeeks.org/cpp-tutorial/",
    "C Language": "https://www.programiz.com/c-programming",
    "JavaScript": "https://developer.mozilla.org/en-US/docs/Web/JavaScript/Guide",
    "HTML & CSS": "https://www.w3schools.com/html/",
    "SQL": "https://www.w3schools.com/sql/",
    "Data Structures": "https://www.geeksforgeeks.org/data-structures/",
    "Algorithms": "https://cp-algorithms.com/",
    "Machine Learning": "https://scikit-learn.org/stable/tutorial/index.html",
    "Git & GitHub": "https://git-scm.com/docs/gittutorial",
    "Operating System": "https://www.geeksforgeeks.org/operating-system/",
    "Computer Networks": "https://www.geeksforgeeks.org/computer-network-tutorials/",
    "DBMS": "https://www.javatpoint.com/dbms-tutorial"
  }
}
